{
    "loss": 14.062228202819824,
    "accuracy": 0.6580086350440979
}