{
    "loss": 0.44258031249046326,
    "accuracy": 0.9588744640350342
}