{
    "loss": 0.7382150888442993,
    "accuracy": 0.9307359457015991
}